Parameter,Equipment,USEPA Approved Procedure,Units,CMC Code,Tier,Tier Justification,Analytical Method,Matrix,Tidal,Non Tidal?,Requires Sample Depth?,Requires Duplicate?,NonfatalLowerRange,NonfatalUpperRange,CBP Method,Precision,Accuracy,Range,In Situ Or Lab?,Qc Criteria?,Inspection Frequency,Inspection Type,Calibration Frequency,Standard Or Cal Instrument Used,,Holding Time,Sample Preservation
Alkalinity,Titration Test Kit (ex. LaMotte 4491-DR-01; LaMotte 3467-01; LaMotte 4533-DR-01),EPA-NERL: 310.1,mg/L,ALKY.1,2,,Kit,Water,FALSE,TRUE,FALSE,TRUE,0,500,257,4 mg/L,Unknown - testing needed,0-200+ mg/L,,< 0 mg/L; > 400 mg/L,Before each use,Glassware is clean and intact; reagents have not expired,N/A,N/A,,24 hours,Cool; <= 6 deg C
Alkalinity,Titration Test Kit (ex. LaMotte 4491-DR-01; LaMotte 3467-01; LaMotte 4533-DR-01),EPA-NERL: 310.1,mg/L,ALKY.3,p2,Historic dataset/not trained using CMC methods,Kit,Water,FALSE,TRUE,FALSE,TRUE,0,500,257,,Unknown - testing needed,,,Unknown,,N/A,N/A,N/A,,,
Alkalinity,Titration Test Kit (ex. LaMotte 4491-DR-01; LaMotte 3467-01; LaMotte 4533-DR-01),EPA-NERL: 310.1,mg/L,ALKY.5,1,QA measures not fulfilled: calibration/standardization not completed or; glassware not washed or; not tested in replicate,Kit,Water,FALSE,TRUE,FALSE,TRUE,0,500,257,4 mg/L,Unknown - testing needed,0-200+ mg/L,,N/A,,N/A,,N/A,,N/A,N/A
Alkalinity,"Field Colorimeter (ex. Hanna HI 775 Digital Checker, Colorimeter)",See CMC Methods Manual,mg/L,ALKY.2,2,"Standardization, >10% field reps",Probe,Water,FALSE,TRUE,FALSE,TRUE,0,500,999,1 mg/L,+- 5%; 5 mg/L,0 - 500 mg/L,,< 0 mg/L; > 400 mg/L,Before each use,Glassware is clean and intact; reagents have not expired; checker functions properly; no sign of low battery,Before Each Use,HI775-11 Alkalinity Checker HC Calibration Check Set,,24 hours,Cool; <= deg C
Alkalinity,"Field Colorimeter (ex. Hanna HI 775 Digital Checker, Colorimeter)",See CMC Methods Manual,mg/L,ALKY.6,p2,Historic dataset/not trained using CMC methods,Probe,Water,FALSE,TRUE,FALSE,TRUE,0,500,999,1 mg/L,+- 5%; 5 mg/L,0 - 500 mg/L,,QA unknown,,N/A,,N/A,,N/A,N/A
Alkalinity,"Field Colorimeter or spectrophotometer (ex. Hanna HI 775 Digital Checker, Colorimeter, Hach)",See CMC Methods Manual,mg/L,ALKY.4,1,QA measures not fulfilled: calibration/standardization not completed or; glassware not washed or; not tested in replicate,Probe,Water,FALSE,TRUE,FALSE,TRUE,0,500,999,1 mg/L,+- 5%; 5 mg/L,0 - 500 mg/L,,N/A,,N/A,,N/A,,N/A,N/A
Air Temperature,Armored Thermometer (ex. LaMotte 1066),USEPA Method 170.1,deg C,AT.1,2,"Verified against NIST verified thermometer, >10% field reps",Probe,Air,TRUE,TRUE,FALSE,TRUE,-20,40,423,0.5 deg C,1 deg C,-5 - 45 deg C,,<-20 deg C; >40 deg C,Before each use,Thermometer reads approximate air temperature; armored case is intact; no gaps in liquid column,Annually,NIST Verified thermometer,,N/A,N/A
Air Temperature,Armored Thermometer (ex. LaMotte 1066),USEPA Method 170.1,deg C,AT.10,p1,Historic dataset,Probe,Air,TRUE,TRUE,FALSE,TRUE,-20,40,423,0.5 deg C,1 deg C,-5 - 45 deg C,,N/A,,,N/A,Not standardized,,N/A,N/A
Air Temperature,Armored Thermometer (ex. LaMotte 1066),USEPA Method 170.1,deg C,AT.4,1,"Not verified against NIST Thermometer, <10% field reps",Probe,Air,TRUE,TRUE,FALSE,TRUE,-20,40,423,0.5 deg C,1 deg C,-5 - 45 deg C,,N/A,,N/A,,N/A,,N/A,N/A
Air Temperature,Digital Thermometer (Ex. Hanna 98509),USEPA Method 170.1,deg C,AT.2,2,"Verified against NIST verified thermometer, >10% field reps",Probe,Air,TRUE,TRUE,FALSE,TRUE,-20,40,423,0.1 deg C,+- 0.2 deg C,-50 - 150 deg C,,<-20 deg C; >40 deg C,Before each use,Thermometer functions properly and reads approximate air temperature. Metal stem is undamaged.,Annually,NIST Verified thermometer,,N/A,N/A
Air Temperature,Digital Thermometer (Ex. Hanna 98509),USEPA Method 170.1,deg C,AT.9,p2,Historic dataset/not trained using CMC methods,Probe,Air,TRUE,TRUE,FALSE,TRUE,-20,40,423,0.1 deg C,+- 0.2 deg C,-50 - 150 deg C,,<-20 deg C; >40 deg C,Before each use,Thermometer functions properly and reads approximate air temperature. Metal stem is undamaged.,Annually,NIST Verified thermometer,,N/A,N/A
Air Temperature,Digital Thermometer (Ex. Hanna 98509),USEPA Method 170.1,deg C,AT.5,1,"Not verified against NIST Thermometer, <10% field reps",Probe,Air,TRUE,TRUE,FALSE,TRUE,-20,40,423,0.1 deg C,+- 0.2 deg C,-50 - 150 deg C,,N/A,,N/A,,N/A,,N/A,N/A
Air Temperature,Digital Thermometer (Ex. Hanna 98509),USEPA Method 170.1,deg C,AT.7,p,Missing QA procedures,Probe,Air,TRUE,TRUE,FALSE,TRUE,,,999,,,,,N/A,,,Before Each Use,,,,
Air Temperature,Multiparameter Probe (Ex. LaMotte 1761),USEPA Method 170.1,deg C,AT.3,2,"Verified against NIST verified thermometer, >10% field reps",Probe,Air,TRUE,TRUE,FALSE,TRUE,-20,40,423,0.1 deg C,+- 1.0 deg C,0 - 50 deg C,,<-20 deg C; >40 deg C,Before each use,Thermometer functions properly and reads approximate air temperature,Annually,NIST Verified thermometer,,N/A,N/A
Air Temperature,Multiparameter Probe (Ex. LaMotte 1761),USEPA Method 170.1,deg C,AT.12,p2,Historic dataset/not trained using CMC methods,Probe,Air,TRUE,TRUE,FALSE,TRUE,-20,40,423,0.1 deg C,+- 1.0 deg C,0 - 50 deg C,,<-20 deg C; >40 deg C,Before each use,Thermometer functions properly and reads approximate air temperature,Annually,NIST Verified thermometer,,N/A,N/A
Air Temperature,Multiparameter Probe (Ex. LaMotte 1761),USEPA Method 170.1,deg C,AT.6,1,"Not verified against NIST Thermometer, <10% field reps",Probe,Air,TRUE,TRUE,FALSE,TRUE,-20,40,423,0.1 deg C,+- 1.0 deg C,0 - 50 deg C,,N/A,,N/A,,N/A,,N/A,N/A
Air Temperature,Multiparameter Probe (Ex. LaMotte 1761),USEPA Method 170.1,deg C,AT.11,p1,Quality assurance procedures missing,Probe,,TRUE,TRUE,FALSE,FALSE,-20,40,423,0.1 deg C,+- 1.0 deg C,0 - 50 deg C,,<-20 deg C; >40 deg C,Before each use,Thermometer functions properly and reads approximate air temperature,Annually,Thermometer functions properly and reads approximate air temperature,,,
Air Temperature,Weather App,N/A,deg C,AT.8,1,,Probe,Air,FALSE,FALSE,FALSE,FALSE,,,999,,,,,,,,Before Each Use,,,,
Bromide (Drinking Water),Thermo Scientific Dionex Aquion Ion Chromatography System,US EPA 300.1 (Drinking Water),mg/L,BR.1,p,Drinking Water Method,Lab,Water,TRUE,TRUE,FALSE,TRUE,,,999,,,,,,,,,,,28 days,N/A
Chlorophyll a,Lab Analysis (Fluorometry),USEPA Method 445.0,ug/L,CHL.2,2,Certified lab/10% blank/>10% duplicate,Lab,Water,TRUE,FALSE,TRUE,TRUE,0,200000,25,,,,,<0; >200,,,Before Each Use,Calibrate using known standards covering entire range of expected values,,30 days,Freeze to -20 C
Chlorophyll a,Lab Analysis (Fluorometry),USEPA Method 445.0,ug/L,CHL.1,p2,QA measures not fulfilled: Not certified lab or <10% blank/duplicate,Lab,Water,TRUE,FALSE,TRUE,TRUE,0,200000,25,,,,,<0; >200,,,Before Each Use,Calibrate using known standards covering entire range of expected values,,30 days,Freeze to -20 C
Chlorophyll a,Lab Analysis (Spectrophotometry),USEPA Method 446.0; CBP Chlorophyll and Pheophytin methodology,ug/L,CHL.6,3,"Tier III approved QAPP, CBP Approved Lab and >10% blank/dups",Lab,Water,TRUE,FALSE,TRUE,TRUE,0,200000,23,,,,,<0; >200,,,Before Each Use,Calibrate using known standards covering entire range of expected values,,30 days,Freeze to -20 C
Chlorophyll a;b;c,Lab Analysis (Spectrophotometry),USEPA Method 446.0; CBP Chlorophyll and Pheophytin methodology,ug/L,CHL.4,2,Certified lab/>10% blank/>10% duplicate,Lab,Water,TRUE,FALSE,TRUE,TRUE,0,200000,23,<= 20% RPD,N/A,,,<0; >200,,,Before Each Use,Calibrate using known standards covering entire range of expected values,,30 days,Freeze to -20 C
Chlorophyll a;b;c,Lab Analysis (Spectrophotometry),USEPA Method 446.0; CBP Chlorophyll and Pheophytin methodology,ug/L,CHL.3,p2,QA measures not fulfilled: Not certified lab or <10% blank/duplicate,Lab,Water,TRUE,FALSE,TRUE,TRUE,0,200000,23,<= 20% RPD,N/A,,,<0; >200,,,Before Each Use,Calibrate using known standards covering entire range of expected values,,30 days,Freeze to -20 C
Chloride (Drinking Water),Thermo Scientific Dionex Aquion Ion Chromatography System,US EPA 300.1 (Drinking Water),mg/L,CL.1,p,Drinking Water Method,Lab,Water,TRUE,TRUE,FALSE,TRUE,,,999,,,,,,,,,,,28 days,N/A
Conductivity,Individual Probe (ex. LaMotte 1749; Extech; HACH Pocket Tester 2686601),USEPA Method 120.1,uS/cm,CO.1,2,"Calibration, >10% field reps",Probe,Water,TRUE,TRUE,FALSE,TRUE,0,20000,242,0.1 uS/cm (0 - 199.9 uS/cm); 1.0 uS/cm (200 - 1999 uS/cm); 0.01 mS/cm (2.00 - 19.99 mS/cm),+- 2% FS,0 - 19.99 mS,,<0 mS; >20mS,Before each use,Meter functions properly; no sign of low battery; reading stabilizes; calibration solution has not expired,Before Each Use,84; 1;413; 12;880 uS/cm,,28 days,Cool; <= deg C
Conductivity,Individual Probe (ex. LaMotte 1749; Extech; HACH Pocket Tester 2686601),USEPA Method 120.1,uS/cm,CO.8,p2,Historic dataset/not trained using CMC methods,Probe,Water,TRUE,TRUE,FALSE,TRUE,0,20000,242,0.1 uS/cm (0 - 199.9 uS/cm); 1.0 uS/cm (200 - 1999 uS/cm); 0.01 mS/cm (2.00 - 19.99 mS/cm),+- 2% FS,0 - 19.99 mS,,N/A,,N/A,N/A,N/A,,N/A,N/A
Conductivity,Individual Probe (ex. LaMotte 1749; Extech; HACH Pocket Tester 2686601),USEPA Method 120.1,uS/cm,CO.4,1,"Calibration not completed, <10% field reps",Probe,Water,TRUE,TRUE,FALSE,TRUE,0,20000,242,0.1 uS/cm (0 - 199.9 uS/cm); 1.0 uS/cm (200 - 1999 uS/cm); 0.01 mS/cm (2.00 - 19.99 mS/cm),,,,,,,Before Each Use,84; 1;413; 12;880 uS/cm,,28 days,Cool; <= deg C
Conductivity,Individual Probe (ex. LaMotte 1749; Extech; HACH Pocket Tester 2686601),USEPA Method 120.1,mS/cm,CO.3,1,"Calibration not completed, <10% field reps",Probe,Water,TRUE,TRUE,TRUE,TRUE,0,20,242,0.1 uS/cm (0 - 199.9 uS/cm); 1.0 uS/cm (200 - 1999 uS/cm); 0.01 mS/cm (2.00 - 19.99 mS/cm),+- 2% FS,0 - 19.99 mS,,<0 mS; >20mS,Before each use,Meter functions properly; no sign of low battery; reading stabilizes; calibration solution has not expired,Before Each Use,84; 1;413; 12;880 uS/cm,,28 days,Cool; <= deg C
Conductivity,"Multiprobe Sonde (ex. YSI, Hydrolab)",USEPA Method 120.1,uS/cm,CO.6,3,Tier III approved QAPP,Probe,Water,TRUE,TRUE,TRUE,TRUE,0,20000,242,0.1 uS/cm (0 - 199.9 uS/cm); 1.0 uS/cm (200 - 1999 uS/cm); 0.01 mS/cm (2.00 - 19.99 mS/cm),+- 2% FS,0 - 19.99 mS,,<0 mS; >20mS,Before each use,Meter functions properly; no sign of low battery; reading stabilizes; calibration solution has not expired,Before Each Use,84; 1;413; 12;880 uS/cm,,28 days,Cool; <= deg C
Conductivity,"Multiprobe Sonde (ex. YSI, Hydrolab)",USEPA Method 120.1,mS/cm,CO.2,2,"Calibration, >10% field reps",Probe,Water,TRUE,TRUE,TRUE,TRUE,0,20,242,0.1 uS/cm (0 - 199.9 uS/cm); 1.0 uS/cm (200 - 1999 uS/cm); 0.01 mS/cm (2.00 - 19.99 mS/cm),+- 2% FS,0 - 19.99 mS,,<0 mS; >20mS,Before each use,Meter functions properly; no sign of low battery; reading stabilizes; calibration solution has not expired,Before Each Use,84; 1;413; 12;880 uS/cm,,28 days,Cool; <= deg C
Conductivity,"Multiprobe Sonde (ex. YSI, Hydrolab)",USEPA Method 120.1,uS/cm,CO.5,2,"Calibration, >10% field reps",Probe,Water,TRUE,TRUE,TRUE,TRUE,0,20000,242,0.1 uS/cm (0 - 199.9 uS/cm); 1.0 uS/cm (200 - 1999 uS/cm); 0.01 mS/cm (2.00 - 19.99 mS/cm),+- 2% FS,0 - 19.99 mS,,<0 mS; >20mS,,Meter functions properly; no sign of low battery; reading stabilizes; calibration solution has not expired,Before Each Use,84; 1;413; 12;880 uS/cm,,,
Conductivity,"Multiprobe Sonde (ex. YSI, Hydrolab)",USEPA Method 120.1,uS/cm,CO.9,p2,Historic dataset/not trained using CMC methods,Probe,Water,TRUE,TRUE,TRUE,TRUE,0,20000,242,0.1 uS/cm (0 - 199.9 uS/cm); 1.0 uS/cm (200 - 1999 uS/cm); 0.01 mS/cm (2.00 - 19.99 mS/cm),+- 2% FS,0 - 19.99 mS,,N/A,,N/A,,N/A,,N/A,N/A
Conductivity,"Multiprobe Sonde (ex. YSI, Hydrolab)",USEPA Method 120.1,uS/cm,CO.7,1,"Calibration not completed, <10% field reps",Probe,Water,TRUE,TRUE,TRUE,TRUE,0,20000,242,0.1 uS/cm (0 - 199.9 uS/cm); 1.0 uS/cm (200 - 1999 uS/cm); 0.01 mS/cm (2.00 - 19.99 mS/cm),+- 2% FS,0 - 19.99 mS,,N/A,,N/A,N/A,N/A,,N/A,N/A
Dissolved Oxygen,LaMotte TestTabs (3976A),N/A,ppm,DO.17,p,VA DEQ method,Kit,Water,FALSE,TRUE,FALSE,TRUE,0,10,999,4 ppm,,0-8ppm,,N/A,,N/A,N/A,N/A,,N/A,N/A
Dissolved Oxygen,Winkler Titration (LaMotte 5860),USEPA Method 360.2,mg/L,DO.1,2,"Standardized, >10% field reps",Kit,Water,TRUE,TRUE,FALSE,TRUE,0,20,50,0.2 mg/L,0.6 mg/L,0 - 10+ mg/L,,<0 mg/L; >20 mg/L,Before each use,Glassware is clean and intact; reagents have not expired,Before Each Use,Iodide-Iodate standard 0.00125 N (equivalent to 10 mg/L as DO,,8 hours after acidiciation,Immediate acidification
Dissolved Oxygen,Winkler Titration (LaMotte 5860),USEPA Method 360.2,mg/L,DO.12,p2,Historic Dataset,Kit,Water,TRUE,TRUE,FALSE,TRUE,0,20,50,0.2 mg/L,0.6 mg/L,0 - 10+ mg/L,,<0 mg/L; >20 mg/L,Before each use,Glassware is clean and intact; reagents have not expired,Before Each Use,Iodide-Iodate standard 0.00125 N (equivalent to 10 mg/L as DO,,8 hours after acidiciation,Immediate acidification
Dissolved Oxygen,Winkler Titration (LaMotte 5860),USEPA Method 360.2,mg/L,DO.4,1,QA measures not fulfilled: calibration/standardization not completed or; glassware not washed or; <10% field reps,Kit,Water,TRUE,TRUE,FALSE,TRUE,0,20,50,0.2 mg/L,0.6 mg/L,0 - 10+ mg/L,,<0 mg/L; >20 mg/L,Before each use,Glassware is clean and intact; reagents have not expired,N/A,Not standardized,,8 hours after acidiciation,Immediate acidification
Dissolved Oxygen,Winkler Titration (LaMotte 5860),USEPA Method 360.2,mg/L,DO.14,p1,historic data/QA measures not fulfilled: calibration/standardization not completed or; glassware not washed or; <10% field reps,Kit,Water,TRUE,TRUE,FALSE,TRUE,0,20,50,0.2 mg/L,0.6 mg/L,0 - 10+ mg/L,,<0 mg/L; >20 mg/L,,,Before Each Use,Not standardized,,8 hours after acidiciation,Immediate acidification
Dissolved Oxygen,Winkler Titration (LaMotte 5860),USEPA Method 360.2,mg/L,DO.13,p,Missing QA procedures,Kit,Water,TRUE,TRUE,FALSE,TRUE,0,20,999,,,,,N/A,,,Before Each Use,,,,
Dissolved Oxygen,"Individual Probe (ex. Oakton, Extech, Hanna)",USEPA Method 360.1,mg/L,DO.8,2,"Calibration, >10% field reps",Probe,Water,TRUE,TRUE,FALSE,TRUE,0,20,48,0.01 mg/L,+- 2% FS,0 - 20 mg/L,,<0 mg/L; >20 mg/L,Before each use,Meter functions properly; no sign of low battery;Ã‚Â reading stabilizes;Ã‚Â DO membrane clean and intact,Before Each Use,100% air saturated water or water saturated air.,,,
Dissolved Oxygen,"Individual Probe (ex. Oakton, Extech, Hanna)",USEPA Method 360.1,mg/L,DO.9,p2,Historic Dataset/not trained using CMC methods,Probe,Water,TRUE,TRUE,FALSE,TRUE,0,20,48,0.01 mg/L,+- 2% FS,0 - 20 mg/L,,Unknown,,N/A,N/A,N/A,,N/A,N/A
Dissolved Oxygen,"Individual Probe (ex. Oakton, Extech, Hanna)",USEPA Method 360.1,mg/L,DO.10,1,QA measures not fulfilled: calibration/standardization not completed or; glassware not washed or; <10% field reps,Probe,Water,TRUE,TRUE,FALSE,TRUE,0,20,48,0.01 mg/L,+- 2% FS,0 - 20 mg/L,,N/A,,N/A,N/A,N/A,,N/A,N/A
Dissolved Oxygen,"Multiprobe Sonde (ex. YSI, Hydrolab)",USEPA Method 360.1,mg/L,DO.5,3,Tier III approved QAPP,Probe,Water,TRUE,TRUE,TRUE,TRUE,0,20,48,0.01 mg/L,+- 2% FS,0 - 20 mg/L,,<0 mg/L; >20 mg/L,Before each use,Meter functions properly; no sign of low battery;Â reading stabilizes;Â DO membrane clean and intact,Before Each Use,100% air saturated water or water saturated air.,,N/A,N/A
Dissolved Oxygen,"Multiprobe Sonde (ex. YSI, Hydrolab)",USEPA Method 360.1,mg/L,DO.2,2,"Calibration, >10% field reps",Probe,Water,TRUE,TRUE,TRUE,TRUE,0,20,48,0.01 mg/L,+- 2% FS,0 - 20 mg/L,,<0 mg/L; >20 mg/L,Before each use,Meter functions properly; no sign of low battery;Â reading stabilizes;Â DO membrane clean and intact,Before Each Use,100% air saturated water or water saturated air.,,N/A,N/A
Dissolved Oxygen,"Multiprobe Sonde (ex. YSI, Hydrolab)",USEPA Method 360.1,mg/L,DO.7,p2,Historic Dataset/not trained using CMC methods,Probe,Water,TRUE,TRUE,TRUE,TRUE,0,20,48,0.01 mg/L,+- 2% FS,0 - 20 mg/L,,Unknown,,N/A,N/A,N/A,,,
Dissolved Oxygen,"Multiprobe Sonde (ex. YSI, Hydrolab)",USEPA Method 360.1,mg/L,DO.11,1,QA measures not fulfilled: calibration/standardization not completed or; glassware not washed or; <10% field reps,Probe,Water,TRUE,TRUE,TRUE,TRUE,0,20,48,0.01 mg/L,+- 2% FS,0 - 20 mg/L,,N/A,,N/A,N/A,N/A,,N/A,N/A
Dissolved Oxygen % Sat,"Individual Probe (ex. Oakton, Extech, Hanna)",USEPA Method 360.1,pct,DO.15,2,"Calibration, >10% field reps",Probe,Water,TRUE,TRUE,FALSE,TRUE,0,150,54,0.01 mg/L,,+- 2% FS,,0 - 20 mg/L,Before each use,Meter functions properly; no sign of low battery;Â reading stabilizes;Â DO membrane clean and intact,Before Each Use,100% air saturated water or water saturated air.,,N/A,N/A
Dissolved Oxygen % Sat,"Multiprobe Sonde (ex. YSI, Hydrolab)",USEPA Method 360.1,pct,DO.6,3,Tier III approved QAPP,Probe,Water,TRUE,TRUE,TRUE,TRUE,0,150,54,0.01 mg/L,+- 2% FS,0 - 20 mg/L,,<0 mg/L; >20 mg/L,Before each use,Meter functions properly; no sign of low battery;Â reading stabilizes;Â DO membrane clean and intact,Before Each Use,100% air saturated water or water saturated air.,,N/A,N/A
Dissolved Oxygen % Sat,"Multiprobe Sonde (ex. YSI, Hydrolab)",USEPA Method 360.1,pct,DO.3,2,"Calibration, >10% field reps",Probe,Water,TRUE,TRUE,TRUE,TRUE,0,150,54,0.01 mg/L,+- 2% FS,0 - 20 mg/L,,<0 mg/L; >20 mg/L,Before each use,Meter functions properly; no sign of low battery;Â reading stabilizes;Â DO membrane clean and intact,Before Each Use,100% air saturated water or water saturated air.,,N/A,N/A
Dissolved Oxygen % Sat,"Multiprobe Sonde (ex. YSI, Hydrolab)",USEPA Method 360.1,pct,DO.16,1,QA measures not fulfilled: calibration/standardization not completed or; glassware not washed or; <10% field reps,Probe,Water,TRUE,TRUE,TRUE,TRUE,0,150,54,0.01 mg/L,+- 2% FS,0 - 20 mg/L,,<0 mg/L; >20 mg/L,Before each use,Meter functions properly; no sign of low battery;Â reading stabilizes;Â DO membrane clean and intact,Before Each Use,100% air saturated water or water saturated air.,,N/A,N/A
E.coli,R-Card ECC,R-Card ECC,CFU,ECOLI.7,p,Drinking Water Method,Lab,Water,TRUE,TRUE,FALSE,TRUE,,,999,,,,,Incubate your sample at 35Â±0.5Â°C for 15-24 hours,,N/A,N/A,N/A,,N/A,N/A
E.coli,Coliscan Easy Gel,See CMC Methods Manual,CFU,ECOLI.1,1,N/A,Kit,Water,FALSE,TRUE,FALSE,TRUE,0,2419,446,20 CFU/100mL,log(0.6),<20 CFU/100mL to ,,,Before each use,Collection bottles and plates remain sterile; media and plates have not expired,N/A,N/A,,,
E.coli,Coliscan Easy Gel,See CMC Methods Manual,CFU,ECOLI.2,p1,Historic Dataset,Kit,Water,FALSE,TRUE,FALSE,TRUE,0,2419,446,20 CFU/100mL,log(0.6),<20 CFU/100mL to,,,Before each use,Collection bottles and plates remain sterile; media and plates have not expired,N/A,N/A,,N/A,N/A
E.coli,Coliscan Easy Gel,See CMC Methods Manual,CFU,ECOLI.3,p,Missing QA procedures,Kit,Water,FALSE,TRUE,FALSE,TRUE,0,2419,999,,,,,N/A,,,,,,,
E.coli,IDEXX Colilert,Colilert; SM9223B,MPN,ECOLI.4,2,Certified/approved lab/>10% blank/duplicate,Lab,Water,FALSE,TRUE,FALSE,TRUE,0,2420,447,1 E. Coli/100ml,log(0.6),<1 MPN/100ml to >2419.6,,"0 E/100 ml; >2,500 E/100ml",Before each use,"Collection bottles and Quanti-trays remain sterile, media is free flowing. Incubator at 35 +/-0.5 C",Before Each Use,Blank and Postive/negative controls using known quantiy of organisms (e.g. QuantiCult),,6 hours,"cool, <=4 deg C"
E.coli,IDEXX Colilert,Colilert; SM9223B,MPN,ECOLI.5,p2,QA measures not fulfilled: Not certified lab or <10% blank/duplicate,Lab,Water,FALSE,TRUE,FALSE,TRUE,0,2420,447,1 E. Coli/100ml,log(0.6),<1 MPN/100ml to >2419.6,,"0 E/100 ml; >2,500 E/100ml",Before each use,"Collection bottles and Quanti-trays remain sterile, media is free flowing. Incubator at 35 +/-0.5 C",Before Each Use,Blank and Postive/negative controls using known quantiy of organisms (e.g. QuantiCult),,24 hours,"cool, <=4 deg C"
Enterococcus,IDEXX Enterolert,ASTM Method (#D6503-99),MPN,ENT.1,2,Certified Lab and >10% Blanks/Dups,Lab,Water,TRUE,FALSE,TRUE,TRUE,0,2419,999,1 enterococci/100 mL  ,,1-2;419 enterococci/100 mL  ,,<0 E/100 mL; >2;500 E/100mL,Before each use,Sample collection bottles and Quanti-Tray are sterile and intact,Before Each Use,Blank and Postive/negative controls using known quantiy of organisms (e.g. QuantiCult) ,,,
Enterococcus,IDEXX Enterolert,ASTM Method (#D6503-99),MPN,ENT.3,p2,QA measures not fulfilled: Not certified lab or <10% blank/duplicate,Lab,Water,TRUE,FALSE,TRUE,TRUE,0,2419,999,1 enterococci/100 mL,,1-2;419 enterococci/100 mL,,<0 E/100 mL; >2;500 E/100mL,,,Before Each Use,,,,
Enterococcus,Membrane Filtration; m-EI prepared Agar Plates,USEPA Method 1600,CFU,ENT.2,2,Certified Lab and >10% Blanks/Dups,Lab,Water,TRUE,FALSE,TRUE,TRUE,0,2419,448,Dependent on dilution,,Dependent on dilution,,<0 E/100 mL; >2;500 E/100mL,Before each use,All equipment is intact and operational,N/A,N/A,,,
Enterococcus,Membrane Filtration; m-EI prepared Agar Plates,USEPA Method 1600,CFU,ENT.4,p2,QA measures not fulfilled: Not certified lab or <10% blank/duplicate,Lab,Water,TRUE,FALSE,TRUE,TRUE,0,,999,Dependent on dilution,,Dependent on dilution,,<0 E/100 mL; >2;500 E/100mL,Before each use,All equipment is intact and operational,N/A,N/A,,,
Fecal Coliform,Lab Analysis,Fecal Coliform Membrane Filter Procedure. 9222G.,CFU,FC.1,p,Not in CMC approved QAPPs/SOPs,Lab,Water,TRUE,TRUE,FALSE,TRUE,,,999,,,,,,,,Before Each Use,,,6hrs,
Flouride (Drinking Water),Thermo Scientific Dionex Aquion Ion Chromatography System,USEPA 300.1 (Drinking Water),mg/L,FL.1,p,Drinking Water Method,Lab,Water,TRUE,TRUE,FALSE,TRUE,,,999,,,,,,,,,,,28 days,N/A
Ammonia,Field Colorimeter (ex. Hach),N/A,mg/L,NH4N.2,p1,Not included in CMC SOP/QAPP,Probe,Water,TRUE,TRUE,FALSE,TRUE,,,999,,,,,,,,,,,,
Ammonia,Specific to individual lab,USEPA Method  350.1 (non-tidal) / 349.0 (tidal),mg/L,NH4N.1,2,Certified Lab and >10% Blank/Dup,Lab,Water,TRUE,TRUE,TRUE,TRUE,,,123,<= 20% RPD,Varies depending on lab equipment,Varies depending on lab equipment,,>TN,,,Before Each Use,Calibrate using known standards covering entire range of expected values,,Dependendent on preservation method - 28 days maximum,Cool; <= deg C (48 hours); Add H2SO4 to pH < 2 and Cool; <= deg C (7 days); Add H2SO4 to pH < 2 and freeze to -20deg  C (28 days)
Ammonia,Specific to individual lab,USEPA Method  350.1 (non-tidal) / 349.0 (tidal),mg/L,NH4N.3,p2,QA measures not fulfilled: Not approved lab or <10% blank/dup,Lab,Water,TRUE,TRUE,TRUE,TRUE,,,123,<= 20% RPD,Varies depending on lab equipment,Varies depending on lab equipment,,>TN,,N/A,,N/A,,N/A,N/A
Nitrite-nitrogen,Thermo Scientific Dionex Aquion Ion Chromatography System,USEPA 300.1 (Drinking Water),mg/L,NO2N.1,p,Drinking Water Method,Lab,Water,TRUE,TRUE,FALSE,TRUE,,,999,,,,,,,,,,,48 hrs,Cool to 4 deg C
Nitrite,Field Colorimeter (ex. Hanna HI 707 Digital Checker),See CMC Methods Manual,ppb,NO2NO3.6,2,"Acid-wash glassware, standardized, >10% dups",Probe,Water,TRUE,TRUE,FALSE,TRUE,0,600,999,1 ppb,Â±20 ppb Â±5% of reading,0 to 600 ppb NOâ€š-N,,0 to 50Â°C (32 to 122Â°F); RH max 95% non-condensing,Before each use,Glassware is clean and intact; reagents have not expired; checker functions properly; no sign of low battery,Before Each Use,sealed vials of 0 & 1 mg/L standards,,,
Nitrite,Field Colorimeter (ex. Hanna HI 707 Digital Checker),See CMC Methods Manual,ppb,NO2NO3.5,p2,Historic dataset/not trained using CMC methods,Probe,Water,TRUE,TRUE,FALSE,TRUE,0,600,999,1 ppb,Â±20 ppb Â±5% of reading,0 to 600 ppb NOâ€š-N,,N/A,,N/A,,N/A,,N/A,N/A
Nitrite,Field Colorimeter (ex. Hanna HI 707 Digital Checker),See CMC Methods Manual,ppb,NO2NO3.4,1,QA measures not fulfilled: calibration/standardization not completed or; glassware not washed or; <10% field replicate,Probe,Water,TRUE,TRUE,FALSE,TRUE,0,600,999,1 ppb,Â±20 ppb Â±5% of reading,0 to 600 ppb NOâ‚‚-N,,0 to 50Â°C (32 to 122Â°F); RH max 95% non-condensing,Before each use,Glassware is clean and intact; reagents have not expired; checker functions properly; no sign of low battery,Before Each Use,sealed vials of 0 & 1 mg/L standards,,,
Nitrite,Field Colorimeter (ex. Hanna HI 707 Digital Checker),See CMC Methods Manual,ppb,NO2NO3.3,p1,Historic dataset/not trained using CMC methods,Probe,Water,TRUE,TRUE,FALSE,TRUE,0,600,999,1 ppb,Â±20 ppb Â±5% of reading,0 to 600 ppb NOâ‚‚-N,,0 to 50Â°C (32 to 122Â°F); RH max 95% non-condensing,Before each use,Glassware is clean and intact; reagents have not expired; checker functions properly; no sign of low battery,Before Each Use,sealed vials of 0 & 1 mg/L standards,,,
Nitrite-nitrate,Specific to individual lab,USEPA Method 353.3 (non-tidal) / 353.4 (tidal),mg/L,NO2NO3.1,2,Certified Lab and >10% Blank/Dup,Lab,Water,TRUE,TRUE,TRUE,TRUE,0,5,144,<= 15% RPD,Varies depending on lab equipment,Varies depending on lab equipment,,>TN,,,Before Each Use,Calibrate using known standards covering entire range of expected values,,Dependendent on preservation method - 28 days maximum,Cool;Â  <= deg C (48 hours); Add H2SO4 to pH < 2 and freeze to -20deg  C (28 days)
Nitrite-nitrate,Specific to individual lab,USEPA Method 353.3 (non-tidal) / 353.4 (tidal),mg/L,NO2NO3.2,p2,Historical data/not trained using CMC methods,Lab,Water,TRUE,TRUE,TRUE,TRUE,0,5,144,<= 15% RPD,Varies depending on lab equipment,Varies depending on lab equipment,,N/A,,N/A,,N/A,,Dependendent on preservation method - 28 days maximum,Cool; <= deg C (48 hours); Add H2SO4 to pH < 2 and freeze to -20deg  C (28 days)
Nitrate-nitrogen,Colorimetric kit (ex. Hach NI-14 1416100; LaMotte 3110; LaMotte 3354),See CMC Methods Manual,mg/L,NO3N.1,1,N/A,Kit,Water,TRUE,TRUE,TRUE,TRUE,0,15,999,0.01 mg/L (0 - 1 mg/L); 0.1 mg/L (1 - 10 mg/L),Unknown - testing needed,0 - 1 mg/L; 1 - 10 mg/L,,<0 mg/L; >10 mg/L,Before each use,Glassware is clean and intact; reagents have not expired,N/A,N/A,,48 hours,Cool; <= deg C
Nitrate-nitrogen,Colorimetric kit (ex. Hach NI-14 1416100; LaMotte 3110; LaMotte 3354),See CMC Methods Manual,mg/L,NO3N.5,p1,Historic dataset/not trained using CMC methods,Kit,Water,TRUE,TRUE,FALSE,TRUE,0,44,999,0.01 mg/L (0 - 1 mg/L); 0.1 mg/L (1 - 10 mg/L),Unknown - testing needed,0 - 1 mg/L; 1 - 10 mg/L,,<0 mg/L; >10 mg/L,Before each use,Glassware is clean and intact; reagents have not expired,N/A,N/A,,48 hours,Cool; <= deg C
Nitrate-nitrogen,Field Colorimeter or Spectrophotometer (ex. Hach),See CMC Methods Manual,mg/L,NO3N.3,2,"Acid-wash glassware, standardized, >10% dups",Probe,Water,TRUE,TRUE,TRUE,TRUE,0,15,999,0; 1; 2; 4; 6; 8; 10; 15 mg/L,Unknown - testing needed,0 - 15 mg/L,,<0 mg/L; > 15 mg/L,Before each use,Glassware is clean and intact; reagents have not expired,N/A,N/A,,48 hours,Cool; <= deg C
Nitrate-nitrogen,Field Colorimeter or Spectrophotometer (ex. Hach),USEPA Method 353.3,mg/L,NO3N.6,p2,Historic dataset/not trained using CMC methods,Probe,Water,FALSE,TRUE,FALSE,FALSE,0,20,144,,,,,Unknown,,N/A,N/A,N/A,,N/A,N/A
Nitrate-nitrogen,Field Colorimeter or Spectrophotometer (ex. Hach),USEPA Method 353.3,mg/L,NO3N.7,1,QA measures not fulfilled: calibration/standardization not completed or; glassware not washed or; <10% field replicate,Probe,Water,FALSE,TRUE,FALSE,TRUE,0,15,144,,,,,>TN,,,Before Each Use,Calibrate using known standards covering entire range of expected values,,Dependent on preservation method - 28 days maximum,
Nitrate-nitrogen,Specific to individual lab,USEPA Method 353.3,mg/L,NO3N.4,2,Certified Lab/>10% Blank/Dup,Lab,Water,FALSE,TRUE,FALSE,TRUE,0,15,144,,Varies depending on lab equipment,Varies depending on lab equipment,,>TN,,,Before Each Use,Calibrate using known standards covering entire range of expected values,,Dependendent on preservation method - 28 days maximum,
Nitrate-nitrogen,Specific to individual lab,USEPA Method 353.3,mg/L,NO3N.2,p2,QA measures not fulfilled: Not approved lab or <10% blank/dup,Lab,Water,TRUE,TRUE,TRUE,TRUE,0,15,144,,Varies depending on lab equipment,Varies depending on lab equipment,,N/A,,N/A,,N/A,,N/A,N/A
Nitrate-nitrogen,Thermo Scientific Dionex Aquion Ion Chromatography System,USEPA Method 300.1 (Drinking Water),mg/L,NO3N.8,p,Drinking Water method,Lab,Water,TRUE,TRUE,FALSE,TRUE,,,999,,,,,,,,,,,48 hrs,Cool to 4 deg C
Orthophosphate,Colorimetric Kit (ex. Hach PO-19 224800; Hanna HI 38061),See CMC Methods Manual,mg/L,OP.1,1,,Kit,Water,TRUE,TRUE,FALSE,TRUE,0,5,999,0.02 mg/L (0 - 1 mg/L),Unknown - testing needed,0 - 1 mg/L; 0 - 5 mg/L,,<0 mg/L; > 5 mg/L,Before each use,Glassware is clean and intact; reagents have not expired,N/A,N/A,,48 hours,Cool; <= deg C
Orthophosphate,Colorimetric Kit (ex. Hach PO-19 224800; Hanna HI 38061),See CMC Methods Manual,mg/L,OP.7,p1,Historic dataset/not trained using CMC methods,Kit,Water,TRUE,TRUE,FALSE,TRUE,0,5,999,0.02 mg/L (0 - 1 mg/L),Unknown - testing needed,0 - 1 mg/L; 0 - 5 mg/L,,<0 mg/L; > 5 mg/L,Before each use,Glassware is clean and intact; reagents have not expired,N/A,N/A,,48 hours,Cool; <= deg C
Orthophosphate,"Field colorimeter or spectrophotometer (ex. Hach, Hanna Digital Checker)",USEPA Method 365.2,mg/L,OP.3,2,"Acid-wash glassware, standardized, >10% dups",Probe,Water,TRUE,TRUE,FALSE,TRUE,0,5,188,0.01 mg/L,+- 4%; 0.04 mg/L,1 - 2.5 mg/L,,>TDP,,,Before Each Use,Calibrate using known standards covering entire range of expected values,,48 hours,Cool; <= deg C
Orthophosphate,"Field Colorimeter or spectrophotometer (ex. Hach, Hanna Digital Checker)",See CMC Methods Manual,mg/L,OP.2,p2,Historic dataset/not trained using CMC methods,Probe,Water,TRUE,TRUE,FALSE,TRUE,0,5,188,0.01 mg/L,+- 4%; 0.04 mg/L,0 - 2.5 mg/L,,Unknown,Before each use,N/A,N/A,N/A,,N/A,N/A
Orthophosphate,"Field colorimeter or spectrophotometer (ex. Hach, Hanna Digital Checker)",USEPA Method 365.2,mg/L,OP.9,1,"Acid-wash glassware, standardized, >10% dups",Probe,Water,TRUE,TRUE,FALSE,TRUE,0,5,189,0.01 mg/L,+- 4%; 0.04 mg/L,0 - 2.5 mg/L,,<0 mg/L; > 2.5Ã‚Â mg/L,Before each use,Glassware is clean and intact; reagents have not expired,Before Each Use,,,48 hours,cool
Orthophosphate,"Field colorimeter or spectrophotometer (ex. Hach, Hanna Digital Checker)",USEPA Method 365.2,ppm,OP.6,1,QA measures not fulfilled: calibration/standardization not completed or; glassware not washed or; not tested in replicate,Probe,Water,TRUE,TRUE,FALSE,TRUE,0,,999,0.01 mg/L,+- 4%; 0.04 mg/L,0 - 2.5 mg/L,,N/A,Before each use,N/A,Before Each Use,N/A,,N/A,N/A
Orthophosphate,Specific to individual lab,USEPA Method 365.5 (tidal),ug/L,OP.4,2,Certified lab and >10% Blanks/dups,Lab,Water,TRUE,TRUE,TRUE,TRUE,0,5000,188,<= 20% RPD,Varies depending on lab equipment,Varies depending on lab equipment,,>TDP,,,Before Each Use,Calibrate using known standards covering entire range of expected values,,Dependendent on preservation method - 28 days maximum,Cool;Â  <= deg C (48 hours); Add H2SO4 to pH < 2 and freeze to -20deg  C (28 days)
Orthophosphate,Specific to individual lab,USEPA Method 365.2,mg/L,OP.5,2,Certified Lab and >10% Blank/Dup,Lab,Water,TRUE,TRUE,FALSE,TRUE,0,5,189,,Varies depending on lab equipment,Varies depending on lab equipment,,,,,,,,Dependendent on preservation method - 28 days maximum,Cool;Ã‚Â  <= deg C (48 hours); Add H2SO4 to pH < 2 and freeze to -20deg  C (28 days)
Orthophosphate,Specific to individual lab,USEPA Method 365.2,mg/L,OP.8,p2,QA measures not fulfilled: Not approved lab or <10% blank/dup,Lab,Water,TRUE,TRUE,TRUE,TRUE,0,5,189,<= 20% RPD,Varies depending on lab equipment,Varies depending on lab equipment,,no known,,,,,,,
Orthophosphate (Drinking Water),Thermo Scientific Dionex Aquion Ion Chromatography System,USEPA 300.1,mg/L,OP.10,p,,Lab,Water,TRUE,TRUE,FALSE,TRUE,,,999,,,,,,,,,,,48 hrs,Cool to 4 deg C
pH,ColorpHast pH Strips (2 - 9),See CMC Methods Manual,SU,PH.3,1,N/A,Kit,Water,TRUE,TRUE,FALSE,TRUE,0,14,999,0.5 pH units,Unknown - testing needed,2 - 9 pH units,,< 4.0 pH units; > 9.5 pH units,Before each use,Strips are not discolored or wet,N/A,N/A,,24 hours,Cool; <= deg C
pH,Wide Range Colorimetric Kit (ex. LaMotte; Hach),See CMC Methods Manual,SU,PH.7,1,,Kit,Water,TRUE,TRUE,FALSE,TRUE,0,14,173,0.2 SU; 0.5 SU,+- 0.4; + 1 SU,3.0 - 10.5 SU; 4 to 10 SU,,<4.0 SU; >9.5 SU,Before each use,Glassware is clean and intact; reagents have not expired,N/A,,,24 hours,Cool; <= deg C
pH,Wide Range Colorimetric Kit (LaMotte; Hach),See CMC Methods Manual,SU,PH.6,p1,Historic dataset/not trained using CMC methods,Kit,Water,TRUE,TRUE,TRUE,TRUE,0,14,173,0.2 SU; 0.5 SU,+- 0.4; + 1 SU,3.0 - 10.5 SU; 4 to 10 SU,,<4.0 SU; >9.5 SU,Before each use,Glassware is clean and intact; reagents have not expired,N/A,N/A,,24 hours,Cool; <= deg C
pH,Narrow Range Colorimetric Kit (ex. LaMotte; Hach),See CMC Methods Manual,SU,PH.2,2,>10% field dups,Kit,Water,TRUE,TRUE,FALSE,TRUE,0,14,173,0.2 SU; 0.5 SU,+- 0.4; + 1 SU,3.0 - 10.5 SU; 4 to 10 SU,,<4.0 SU; >9.5 SU,Before each use,Glassware is clean and intact; reagents have not expired,N/A,N/A,,24 hours,Cool; <= deg C
pH,Narrow Range Colorimetric Kit (ex. LaMotte; Hach),See CMC Methods Manual,SU,PH.8,p2,Historic dataset/not trained using CMC methods,Kit,Water,TRUE,TRUE,FALSE,TRUE,0,14,173,0.2 SU; 0.5 SU,+- 0.4; + 1 SU,3.0 - 10.5 SU; 4 to 10 SU,,Unknown,,N/A,,N/A,,N/A,N/A
pH,Narrow Range Colorimetric Kit (ex. LaMotte; Hach),See CMC Methods Manual,SU,PH.13,1,<10% field dups,Kit,Water,TRUE,TRUE,FALSE,TRUE,0,14,173,0.2 SU; 0.5 SU,+- 0.4; + 1 SU,3.0 - 10.5 SU; 4 to 10 SU,,<4.0 SU; >9.5 SU,,N/A,,N/A,,N/A,N/A
pH,pH individual probe (ex. Hanna; LaMotte; Oakton; Extech),USEPA Method 150.1,SU,PH.1,2,"Calibration, >10% field reps",Probe,Water,TRUE,TRUE,FALSE,TRUE,0,14,171,0.01 pH,+- 0.01 pH,- 1.00 - 15.00 pH ,,<4.0 pH; >9.5 pH,Before each use,Meter functions properly; no sign of low battery; reading stabilizes; calibration solution has not expired,Before Each Use,pH 4.00; 7.00; 10.00 buffer.,,24 hours,Cool; <= deg C
pH,Individual probe (ex. Hanna; LaMotte; Oakton; Extech),USEPA Method 150.1,SU,PH.9,p2,Historic dataset/not trained using CMC methods,Probe,Water,TRUE,TRUE,FALSE,TRUE,0,14,171,0.01 pH,+- 0.01 pH,- 1.00 - 15.00 pH,,Unknown,,N/A,,N/A,,N/A,N/A
pH,Individual probe (ex. Hanna; LaMotte; Oakton; Extech),USEPA Method 150.1,SU,PH.10,1,QA measures not fulfilled: calibration/standardization not completed or; glassware not washed or; <10% field replicate,Probe,Water,TRUE,TRUE,FALSE,TRUE,0,14,171,0.01 pH,+- 0.01 pH,- 1.00 - 15.00 pH,,N/A,,N/A,,N/A,,N/A,N/A
pH,pH individual probe (ex. Hanna; LaMotte; Oakton; Extech),USEPA Method 150.1,SU,PH.14,p,missing QA procedures,Probe,Water,TRUE,TRUE,FALSE,TRUE,0,14,999,,,,,N/A,,,,,,,
pH,"Multiprobe sonde (YSI, Hydrolab)",USEPA Method 150.1,SU,PH.5,3,Tier III,Probe,Water,TRUE,TRUE,TRUE,TRUE,0,14,171,0.01 pH,+- .01 pH,- 1.00 - 15.00 pH,,<4.0 pH; >9.5 pH,Before each use,Meter functions properly; no sign of low battery; reading stabilizes; calibration solution has not expired,Before Each Use,pH 4.00; 7.00; 10.00 buffer.,,24 hours,Cool; <= deg C
pH,"Multiprobe sonde (YSI, Hydrolab)",USEPA Method 150.1,SU,PH.4,2,"Calibration, >10% field reps",Probe,Water,TRUE,TRUE,TRUE,TRUE,0,14,171,0.01 pH,+- 0.01 pH,- 1.00 - 15.00 pH,,<4.0 pH; >9.5 pH,Before each use,Meter functions properly; no sign of low battery; reading stabilizes; calibration solution has not expired,Before Each Use,pH 4.00; 7.00; 10.00 buffer.,,24 hours,Cool; <= deg C
pH,"Multiprobe sonde (YSI, Hydrolab)",USEPA Method 150.1,SU,PH.11,p2,Historic dataset/not trained using CMC methods,Probe,Water,TRUE,TRUE,TRUE,TRUE,0,14,171,0.01 pH,+- 0.01 pH,- 1.00 - 15.00 pH,,Unknown,,N/A,,N/A,,N/A,N/A
pH,"Multiprobe sonde (YSI, Hydrolab)",USEPA Method 150.1,SU,PH.12,1,QA measures not fulfilled: calibration/standardization not completed or; glassware not washed or; <10% field replicate,Probe,Water,TRUE,TRUE,TRUE,TRUE,0,14,171,0.01 pH,+- 0.01 pH,- 1.00 - 15.00 pH,,N/A,,N/A,,N/A,,N/A,N/A
Phaeophytin,Fluorometry,USEPA Method 445.0,mg/L,PHAE.1,2,Certified Lab and >10% Blank/Dups,Lab,Water,TRUE,FALSE,TRUE,TRUE,,,178,<= 15% RPD,,,,<0; >200,,,Before Each Use,Calibrate using known standards covering entire range of expected values,,30 days,Freeze to -20 C
Phaeophytin,Fluorometry,USEPA Method 445.0,ug/L,PHAE.2,2,Certified Lab and >10% Blank/Dups,Lab,Water,TRUE,FALSE,TRUE,TRUE,,,178,<= 15% RPD,,,,<0; >200,,,Before Each Use,Calibrate using known standards covering entire range of expected values,,30 days,Freeze to -20 C
Salinity,Hydrometer,N/A,ppt,SA.5,p,N/A,Kit,Water,TRUE,FALSE,FALSE,TRUE,,,999,,,,,,Before each use / Annual,,,,,,
Salinity,Refractometer (ex. Extech; General),See CMC Methods Manual,ppt,SA.1,1,N/A,Kit,Water,TRUE,FALSE,FALSE,TRUE,,,999,1 ppt,-0.001,0 to 100 ppt,,<0 mg/L; >100 ppt,Before each use,Prism plate is clean and instrument is intact,Before Each Use,2-3 drops of distilled water to zero instrument,,,
Salinity,Refractometer (ex. Extech; General),See CMC Methods Manual,ppt,SA.2,p1,Historical data/not trained using CMC methods,Kit,Water,TRUE,FALSE,FALSE,TRUE,,,999,1 ppt,-0.001,0 to 100 ppt,,<0 mg/L; >100 ppt,Before each use,Prism plate is clean and instrument is intact,Before Each Use,2-3 drops of distilled water to zero instrument,,,
Salinity,Individual Probe (ex. LaMotte 1749; Extech; HACH Pocket Tester 2686601; Oakton),USEPA Method 120.1,ppt,SA.11,1,"Calibration not completed, <10% field reps",Probe,Water,TRUE,FALSE,FALSE,TRUE,0,35,999,,,,,,Before each use,Meter functions properly; no sign of low battery; reading stabilizes; calibration solution has not expired,Before Each Use,,,,
Salinity,"Multiprobe Sonde (ex. YSI, Hyrdolab)",USEPA Method 120.1,ppt,SA.6,3,Tier III approved QAPP,Probe,Water,TRUE,FALSE,TRUE,TRUE,0,35,220,0.1ppm; 1ppm; 0.01ppt,-0.02,0 to 99.9ppm; 100 to 999ppm; 1.00 to 9.99ppt,,<0 mg/L; >100 ppt,Before each use,Meter functions properly; no sign of low battery; reading stabilizes; calibration solution has not expired,Before Each Use,84; 1;413; 12;880 uS/cm,,,
Salinity,"Multiprobe Sonde (ex. YSI, Hyrdolab)",USEPA Method 120.1,mg/L,SA.7,3,Tier III approved QAPP,Probe,Water,TRUE,FALSE,TRUE,TRUE,,,220,0.1ppm; 1ppm; 0.01ppt,-0.02,0 to 99.9ppm; 100 to 999ppm; 1.00 to 9.99ppt,,<0 mg/L; >100 ppt,Before each use,Meter functions properly; no sign of low battery; reading stabilizes; calibration solution has not expired,Before Each Use,84; 1;413; 12;880 uS/cm,,,
Salinity,"Multiprobe Sonde (ex. YSI, Hyrdolab)",USEPA Method 120.1,pss,SA.9,3,Tier III approved QAPP,Probe,Water,TRUE,FALSE,TRUE,TRUE,,,220,0.1ppm; 1ppm; 0.01ppt,-0.02,0 to 99.9ppm; 100 to 999ppm; 1.00 to 9.99ppt,,<0 mg/L; >100 ppt,Before each use,Meter functions properly; no sign of low battery; reading stabilizes; calibration solution has not expired,Before Each Use,84; 1;413; 12;880 uS/cm,,,
Salinity,"Multiprobe Sonde (ex. YSI, Hyrdolab)",USEPA Method 120.1,ppt,SA.3,2,"Calibration, >10% field reps",Probe,Water,TRUE,FALSE,TRUE,TRUE,0,35,220,0.1ppm; 1ppm; 0.01ppt,-0.02,0 to 99.9ppm; 100 to 999ppm; 1.00 to 9.99ppt,,<0 mg/L; >100 ppt,Before each use,Meter functions properly; no sign of low battery; reading stabilizes; calibration solution has not expired,Before Each Use,84; 1;413; 12;880 uS/cm,,,
Salinity,"Multiprobe Sonde (ex. YSI, Hyrdolab)",USEPA Method 120.1,mg/L,SA.10,p2,Historic dataset/not trained using CMC methods/not confident of QC practices,Probe,Water,TRUE,TRUE,FALSE,TRUE,,,220,,,,,,,,,,,,
Salinity,"Multiprobe Sonde (ex. YSI, Hyrdolab)",USEPA Method 120.1,ppt,SA.8,p2,Historic dataset/not trained using CMC methods,Probe,Water,TRUE,FALSE,TRUE,TRUE,0,35,220,0.1ppm; 1ppm; 0.01ppt,-0.02,0 to 99.9ppm; 100 to 999ppm; 1.00 to 9.99ppt,,<0 mg/L; >100 ppt,Before each use,Meter functions properly; no sign of low battery; reading stabilizes; calibration solution has not expired,Before Each Use,84; 1;413; 12;880 uS/cm,,,
Salinity,"Multiprobe Sonde (ex. YSI, Hyrdolab)",USEPA Method 120.1,ppt,SA.4,1,QA measures not fulfilled: calibration/standardization not completed or; glassware not washed or; <10% field replicate,Probe,Water,TRUE,FALSE,TRUE,TRUE,0,35,220,0.1ppm; 1ppm; 0.01ppt,-0.02,0 to 99.9ppm; 100 to 999ppm; 1.00 to 9.99ppt,,Unknown,,N/A,N/A,N/A,,,
Silicate,Specific to individual lab,USEPA Method 366.0,mg/L,SIO3.1,2,Certified Lab and >10% Blank/Dups,Lab,Water,TRUE,FALSE,TRUE,TRUE,,,227,<= 15% RPD,,,,,,,Before Each Use,Calibrate using known standards covering entire range of expected values,,28 days,Chill on ice to <4C
Silicate,Specific to individual lab,USEPA Method 366.0,ug/L,SIO3.2,2,Certified Lab and >10% Blank/Dups,Lab,Water,TRUE,FALSE,TRUE,TRUE,,,227,<= 15% RPD,,,,,,,Before Each Use,Calibrate using known standards covering entire range of expected values,,28 days,Chill on ice to <4C
Sulfate,"Field Colorimeter or Spectrophotometer (ex. Hach, Hanna Digital Checker)",EPA-NERL: 375.4,mg/L,SO4.1,p,Historic dataset/not trained using CMC methods,Probe,Water,FALSE,TRUE,FALSE,TRUE,0,70,999,,,0-70 mg/L,,Unknown,Before each use,Visual - turn on to check batteries; clean sample cell,N/A,,,,
Sulfate,Specific to individual lab,N/A,mg/L,SO4.2,p2,QA measures not fulfilled: Not approved lab or <10% blank/dup,Lab,Water,,,TRUE,TRUE,0,,999,,,,,N/A,,N/A,Before Each Use,N/A,,N/A,N/A
Sulfate (Drinking Water),Thermo Scientific Dionex Aquion Ion Chromatography System,USEPA 300.1,mg/L,SO4.3,p,Drinking Water Method,Lab,Water,TRUE,TRUE,FALSE,TRUE,,,999,,,,,,,,,,,28 Days,Cool to 4 deg C
Total Depth,Various,N/A,M,TD.1,1,,Probe,Water,TRUE,TRUE,FALSE,TRUE,,,381,,,,,,,,N/A,,,,
"Stream stage in feet to nearest tenth (ex - 0.1, 2.3, 3.5 etc)",Gage Stick,N/A,ft,ST.1,p,N/A,,,FALSE,TRUE,FALSE,TRUE,,,999,0.1 ft,,,,,,,N/A,,,,
Stream stage in feet measured from a bridge,Tape measure,N/A,ft,ST.2,p,N/A,,,FALSE,TRUE,FALSE,TRUE,,,999,0.01 ft,,,,,,,N/A,,,,
Total Dissolved Solids,Individual Probe (ex. LaMotte 1749; Extech),See CMC Methods Manual,mg/L,TDS.1,1,Calculated value,Probe,Water,TRUE,TRUE,TRUE,TRUE,,,999,10Â mg/L,+- 2% FS,0 - 9.99 g/L,,<0 g/L; >10 g/L,Before each use,Meter functions properly; no sign of low battery; reading stabilizes; calibration solution has not expired,Before Each Use,84; 1;413; 12;880 uS/cm,,N/A,N/A
Total Dissolved Solids,"Multiparameter Probe (Hydrolab, YSI)",See CMC Methods Manual,mg/L,TDS.2,1,Calculated value,Probe,Water,TRUE,TRUE,TRUE,TRUE,,,999,10 mg/L,+- 2% FS,0 - 9.99 g/L,,<0 g/L; >10 g/L,Before each use,Meter functions properly; no sign of low battery; reading stabilizes; calibration solution has not expired,Before Each Use,84; 1;413; 12;880 uS/cm,,N/A,N/A
Total Dissolved Solids,"Multiparameter Probe (Hydrolab, YSI)",See CMC Methods Manual,mg/L,TDS.3,p1,Historic Dataset,Probe,Water,TRUE,TRUE,TRUE,TRUE,,,999,10 mg/L,+- 2% FS,0 - 9.99 g/L,,<0 g/L; >10 g/L,Before each use,Meter functions properly; no sign of low battery; reading stabilizes; calibration solution has not expired,Before Each Use,84; 1;413; 12;880 uS/cm,,N/A,N/A
Total Kjeldahl Nitrogen,Specific to individual lab,"USEPA Method 351.1, 351.2, 351.4; SM4500-Norg-C; SM4500-Norg-B",mg/L,TKN.1,2,Certified Lab and >10% Blank/Dups,Lab,Water,TRUE,TRUE,TRUE,TRUE,,,312,,,,,,,,,,,28 Days,Add H2SO4 to pH < 2 and freeze to -20deg  C (28 days)
Total Kjeldahl Nitrogen,Specific to individual lab,"USEPA Method 351.1, 351.2, 351.4; SM4500-Norg-C; SM4500-Norg-B",mg/L,TKN.2,p2,"QA measures not fulfilled: Not approved lab, <10% blank/dups",Lab,Water,TRUE,TRUE,TRUE,TRUE,,,312,Specific to individual lab,Specific to individual lab,Specific to individual lab,,N/A,,N/A,,N/A,,N/A,N/A
Total Nitrogen,Specific to individual lab,USEPA Method 351.2,mg/L,TN.2,3,"Tier III approved QAPP, CBP Approved Lab and >10% blank/dups",Lab,Water,TRUE,TRUE,TRUE,TRUE,,,999,<= 15% RPD,Varies depending on lab equipment,Varies depending on lab equipment,,<NO23+NH4,,,Before Each Use,Calibrate using known standards covering entire range of expected values,,28 days,Freeze to -20 C
Total Nitrogen,Specific to individual lab,USEPA Method 351.2,mg/L,TN.1,2,Certified Lab and >10% Blank/Dups,Lab,Water,TRUE,TRUE,TRUE,TRUE,,,999,<= 15% RPD,Varies depending on lab equipment,Varies depending on lab equipment,,<NO23+NH4,,,Before Each Use,Calibrate using known standards covering entire range of expected values,,28 days,Freeze to -20 C
Total Nitrogen,Specific to individual lab,USEPA Method 351.2,mg/L,TN.3,p2,"QA measures not fulfilled: Not approved lab, <10% blank/dups",Lab,Water,TRUE,TRUE,TRUE,TRUE,,,999,<= 15% RPD,Varies depending on lab equipment,Varies depending on lab equipment,,<NO23+NH4,,,,,,28 days,Freeze to -20 C
Total Phosphorus,Specific to individual lab,USEPA Method 365.4,mg/L,TP.3,3,"Tier III approved QAPP, CBP Approved Lab and >10% blank/dups",Lab,Water,TRUE,TRUE,TRUE,TRUE,,,388,<= 15% RPD,Varies depending on lab equipment,Varies depending on lab equipment,,<PO4,,,Before Each Use,Calibrate using known standards covering entire range of expected values,,Dependendent on preservation method - 28 days maximum,Cool;Â  <= deg C (48 hours); Add H2SO4 to pH < 2 and freeze to -20deg  C (28 days)
Total Phosphorus,Specific to individual lab,USEPA Method 365.4,mg/L,TP.1,2,Certified Lab and >10% Blank/Dups,Lab,Water,TRUE,TRUE,TRUE,TRUE,,,388,<= 15% RPD,Varies depending on lab equipment,Varies depending on lab equipment,,<PO4,,,Before Each Use,Calibrate using known standards covering entire range of expected values,,Dependendent on preservation method - 28 days maximum,Cool;Â  <= deg C (48 hours); Add H2SO4 to pH < 2 and freeze to -20deg  C (28 days)
Total Phosphorus,Specific to individual lab,USEPA Method 365.4,mg/L,TP.2,p2,"QA measures not fulfilled: Not approved lab, <10% blank/dups",Lab,Water,TRUE,TRUE,TRUE,TRUE,,,388,<= 15% RPD,Varies depending on lab equipment,Varies depending on lab equipment,,<PO4,,,Before Each Use,Calibrate using known standards covering entire range of expected values,,Dependendent on preservation method - 28 days maximum,Cool;Â  <= deg C (48 hours); Add H2SO4 to pH < 2 and freeze to -20deg  C (28 days)
Total Suspended Solids,Specific to individual lab,SM 2540 D-11,mg/L,TSS.1,2,Certified Lab and >10% Blank/Dups,Lab,Water,FALSE,TRUE,TRUE,TRUE,,,397,1.0 mg/L,,,,,,,N/A,,,,
Total Suspended Solids,Specific to individual lab,SM 2540 D-11,mg/L,TSS.3,p2,"QA measures not fulfilled: Not approved lab, <10% blank/dups",Lab,Water,TRUE,TRUE,TRUE,TRUE,,,397,1.0 mg/L,,,,,,,,,,,
Turbidity,Turbidity Test Kit (ex. LaMotte 7519),See CMC Methods Manual,JTU,WC.5,1,N/A,Kit,Water,TRUE,TRUE,FALSE,TRUE,,,399,5 JTU; 10 JTU,+- 5 JTU,0 - 100 JTU; 0 - 200 JTU,,< 0 JTU; > 300 JTU,Before each use,Turbidity columns are clean; reagents have not expired,N/A,N/A,,24 hours,Cool; <= deg C; store in dark
Turbidity,"Multiprobe Sonde (ex. YSI, Hydrolab)",N/A,NTU,WC.12,2,"Calibration, >10% field reps",Probe,Water,TRUE,TRUE,TRUE,TRUE,,,999,0.1 FNU,0-99 (0.3 or +/- 2% of reading),0-4000 FNU,,,Before each use,Meter functions properly; no sign of low battery; reading stabilizes; calibration solution has not expired,Before Each Use,,,,
Turbidity,Field colorimeter (ex. Hach DR 900),USEPA Method 180.1,FAU,WC.9,2,"Wash glassware, >10% field reps",Probe,Water,TRUE,TRUE,FALSE,TRUE,,,999,,,,,,,,,,,,
Turbidity,Turbidimeter (ex. Hach 2100P),USEPA Method 180.1,NTU,WC.6,2,"Acid-wash glassware, >10% field reps",Probe,Water,TRUE,TRUE,FALSE,TRUE,,,402,,Â± 2%,0.01-1000 NTU,,,,,Before Each Use,Formazin Primary Standard,,48 hours,cool
Turbidity,Turbidimeter (ex. Hach 2100P),USEPA Method 180.1,NTU,WC.3,1,QA measures not fulfilled: calibration/standardization not completed or; glassware not washed or; <10% field replicate,Probe,Water,TRUE,TRUE,FALSE,TRUE,,,402,,Â± 2%,0.01-1000 NTU,,<0 cm; >300 cm,Before each use,,N/A,N/A,,N/A,N/A
Turbidity,Turbidimeter (ex. Hach 2100P),USEPA Method 180.1,NTU,WC.8,p2,Historic dataset/not trained using CMC methods,Probe,Water,TRUE,TRUE,FALSE,TRUE,,,999,,Â± 2%,0.01-1000 NTU,,,,,Before Each Use,,,48 hours,cool
Water Clarity,Turbidity Tube (Forestry Suppliers 77107; Ben Meadows 111360),See CMC Methods Manual,cm,WC.4,1,N/A,Kit,Water,TRUE,TRUE,FALSE,TRUE,0,120,999,2 cm,Unknown - testing needed,0 - 60 cm; 0 - 120 cm,,<0 cm; >300 cm,Before each use,Transparency tube is clean,N/A,N/A,,N/A,N/A
Water Clarity,Turbidity Tube (Forestry Suppliers 77107; Ben Meadows 111360),See CMC Methods Manual,cm,WC.10,p1,Historic Dataset,Kit,Water,TRUE,TRUE,FALSE,TRUE,0,120,999,2 cm,Unknown - testing needed,0 - 60 cm; 0 - 120 cm,,<0 cm; >300 cm,Before each use,Transparency tube is clean,N/A,N/A,,N/A,N/A
Water Clarity,Turbidity Tube (Forestry Suppliers 77107; Ben Meadows 111360),See CMC Methods Manual,cm,WC.11,p,missing QA procedures,Kit,Water,TRUE,TRUE,FALSE,TRUE,0,120,999,,,,,N/A,,,,,,,
Water Clarity,Secchi Disk (Ben Meadows 224217),See CMC Methods Manual,M,WC.2,3,Tier III approved QAPP,Probe,Water,TRUE,TRUE,FALSE,TRUE,0,5,225,10 cm,20 cm,0 - 300 cm ,,<0 cm; >300 cm,Before each use / Annual ,Marks are still attched/visible and rope is not knotted / Check against tape measure for stretch,Annually,Tape measure,,N/A,N/A
Water Clarity,Secchi Disk (Ben Meadows 224217),See CMC Methods Manual,M,WC.1,1,N/A,Probe,Water,TRUE,TRUE,FALSE,TRUE,0,5,225,10 cm,20 cm,0 - 300 cm ,,<0 cm; >300 cm,Before each use / Annual ,Marks are still attched/visible and rope is not knotted / Check against tape measure for stretch,Annually,Tape measure,,N/A,N/A
Water Clarity,Secchi Disk (ex. Ben Meadows 224217),See CMC Methods Manual,M,WC.7,p1,Historical data/not trained using CMC methods,Probe,Water,TRUE,TRUE,FALSE,TRUE,0,5,225,10 cm,20 cm,0 - 300 cm,,<0 cm; >300 cm,Before each use / Annual,Marks are still attched/visible and rope is not knotted / Check against tape measure for stretch,Annually,Tape measure,,,
Water Temperature,Armored Glass Thermometer (ex. LaMotte 1066),USEPA Method 170.1,deg C,WT.1,2,"Verified, >10% field replicates",Probe,Water,TRUE,TRUE,FALSE,TRUE,-5,50,414,0.5 deg C,1 deg C,-5 - 45 deg C,,<-1 deg C; >35 deg C,Before each use,Thermometer reads approximate air temperature; armored case is intact; no gaps in liquid column,Annually,NIST verified thermometer,,N/A,N/A
Water Temperature,Armored Glass Thermometer (ex. LaMotte 1066),USEPA Method 170.1,deg C,WT.8,p2,Historic dataset/not trained using CMC methods,Probe,Water,TRUE,TRUE,FALSE,TRUE,,,414,0.5 deg C,1 deg C,-5 - 45 deg C,,N/A,,N/A,,N/A,,N/A,N/A
Water Temperature,Armored Glass Thermometer (ex. LaMotte 1066),USEPA Method 170.1,deg C,WT.6,1,QA measures not fulfilled: calibration/standardization not completed or; glassware not washed or; <10% field replicate,Probe,Water,TRUE,TRUE,FALSE,TRUE,0,50,414,0.5 deg C,1 deg C,-5 - 45 deg C,,<-1 deg C; >35 deg C,Before each use,Thermometer reads approximate air temperature; armored case is intact; no gaps in liquid column,N/A,None,,N/A,N/A
Water Temperature,Armored Glass Thermometer (ex. LaMotte 1066),USEPA Method 170.1,deg C,WT.12,p1,historic dataset/QA measures not fulfilled: calibration/standardization not completed or; glassware not washed or; <10% field replicate,Probe,Water,TRUE,TRUE,FALSE,TRUE,0,50,414,0.5 deg C,1 deg C,-5 - 45 deg C,,Thermometer reads approximate air temperature; armored case is intact; no gaps in liquid column,,,Before Each Use,N/A,,,
Water Temperature,Digital Thermometer (ex. Hanna 98509),USEPA Method 170.1,deg C,WT.2,2,"Verified, >10% field replicates",Probe,Water,TRUE,TRUE,FALSE,TRUE,0,50,413,0.1 deg C,+- 0.5 deg C,-50 - 150 deg C,,<-1 deg C; >35 deg C,Before each use,Thermometer functions properly and reads approximate air temperature. Metal stem is undamaged. ,Annually,NIST Verified thermometer,,N/A,N/A
Water Temperature,Digital Thermometer (ex. Hanna 98509),USEPA Method 170.1,deg C,WT.9,p2,Historic dataset/not trained using CMC methods,Probe,Water,TRUE,TRUE,FALSE,TRUE,,,413,0.1 deg C,+- 0.5 deg C,-50 - 150 deg C,,N/A,,N/A,,N/A,,N/A,N/A
Water Temperature,Digital Thermometer (ex. Hanna 98509),USEPA Method 170.1,deg C,WT.7,1,QA measures not fulfilled: calibration/standardization not completed or; glassware not washed or; <10% field replicate,Probe,Water,TRUE,TRUE,FALSE,TRUE,,,413,0.1 deg C,+- 0.5 deg C,-50 - 150 deg C,,N/A,,N/A,N/A,N/A,,N/A,N/A
Water Temperature,Digital Thermometer (ex. Hanna 98509),USEPA Method 170.1,deg C,WT.11,p,missing QA procedures,Probe,Water,TRUE,TRUE,FALSE,TRUE,,,999,,,,,N/A,,,,,,,
Water Temperature,Multiprobe Sonde Thermistor (Ex. LaMotte 1761),USEPA Method 170.1,deg C,WT.4,3,Tier III approved QAPP,Probe,Water,TRUE,TRUE,TRUE,TRUE,0,50,413,0.1 deg C,+- 0.5 deg C,0 - 50 deg C,,<-1 deg C; >35 deg C,Before each use,Thermometer functions properly and reads approximate air temperature,Annually,NIST Verified thermometer,,N/A,N/A
Water Temperature,Multiprobe Sonde Thermistor (Ex. LaMotte 1761),USEPA Method 170.1,deg C,WT.3,2,"Verified, >10% field replicates",Probe,Water,TRUE,TRUE,TRUE,TRUE,0,50,413,0.1 deg C,+- 0.5 deg C,0 - 50 deg C,,<-1 deg C; >35 deg C,Before each use,Thermometer functions properly and reads approximate air temperature,Annually,NIST Verified thermometer,,N/A,N/A
Water Temperature,Multiprobe Sonde Thermistor (Ex. LaMotte 1761),USEPA Method 170.1,deg C,WT.5,p2,Historic dataset/not trained using CMC methods,Probe,Water,TRUE,TRUE,TRUE,TRUE,0,50,413,0.1 deg C,+- 0.5 deg C,0 - 50 deg C,,<-1 deg C; >35 deg C,Before each use,Thermometer functions properly and reads approximate air temperature,Annually,None,,,
Water Temperature,Multiprobe Sonde Thermistor (Ex. LaMotte 1761),USEPA Method 170.1,deg C,WT.10,1,QA measures not fulfilled: calibration/standardization not completed or; glassware not washed or; <10% field replicate,Probe,Water,TRUE,TRUE,TRUE,TRUE,,,413,0.1 deg C,+- 0.5 deg C,0 - 50 deg C,,N/A,,N/A,,N/A,,N/A,N/A
Water Temperature,Multiprobe Sonde Thermistor (Ex. LaMotte 1761),USEPA Method 170.1,deg C,WT.13,p1,Historic data/QA measures not fulfilled: calibration/standardization not completed or; glassware not washed or; <10% field replicate,Probe,Water,TRUE,TRUE,FALSE,TRUE,,,413,,,,,,,,Before Each Use,,,,
